"main_obj_id","obj_id","name","type"
7,2,"id","private"
7,3,"description","private"
7,3,"name","private"
7,3,"version","private"
7,3,"type","private"
7,3,"packageName","private"
7,3,"addPackageName","private"
17,2,"id","private"
17,3,"description","private"
17,3,"name","private"
17,3,"version","private"
17,3,"type","private"
17,3,"packageName","private"
17,3,"addPackageName","private"
10,2,"id","private"
10,3,"description","private"
10,3,"name","private"
10,3,"version","private"
10,3,"groupId","private"
10,3,"type","private"
18,2,"id","private"
18,3,"description","private"
18,3,"name","private"
18,3,"version","private"
18,3,"groupId","private"
18,3,"type","private"
11,2,"id","private"
11,2,"programId","private"
11,2,"objId","private"
19,2,"id","private"
19,2,"programId","private"
19,2,"objId","private"
12,2,"id","private"
12,2,"programId","private"
12,2,"dependencyProgramId","private"
20,2,"id","private"
20,2,"programId","private"
20,2,"dependencyProgramId","private"
13,2,"id","private"
13,2,"objId","private"
13,2,"methodId","private"
13,3,"description","private"
13,3,"type","private"
21,2,"id","private"
21,2,"objId","private"
21,2,"methodId","private"
21,3,"description","private"
21,3,"type","private"
14,2,"id","private"
14,2,"mainObjId","private"
14,2,"objId","private"
14,3,"description","private"
14,3,"name","private"
14,3,"type","private"
22,2,"id","private"
22,2,"mainObjId","private"
22,2,"objId","private"
22,3,"description","private"
22,3,"name","private"
22,3,"type","private"
15,2,"id","private"
15,3,"description","private"
15,3,"name","private"
15,3,"version","private"
15,3,"type","private"
15,2,"returnObjId","private"
23,2,"id","private"
23,3,"description","private"
23,3,"name","private"
23,3,"version","private"
23,3,"type","private"
23,2,"returnObjId","private"
16,2,"id","private"
16,2,"mainObjId","private"
16,2,"objId","private"
16,3,"type","private"
24,2,"id","private"
24,2,"mainObjId","private"
24,2,"objId","private"
24,3,"type","private"